Object ID,Object Name,Title,Culture,Medium,Link Resource,Link Image
36046,figure,大理國（十二世紀） 青銅鎏金觀音菩薩像|Bodhisattva Avalokiteshvara (Guanyin),China,Gilt arsenical bronze; lost-wax cast,http://www.metmuseum.org/art/collection/search/36046,https://collectionapi.metmuseum.org/api/collection/v1/iiif/36046/main-image
37414,figurine,,Indonesia (Java),Silver,http://www.metmuseum.org/art/collection/search/37414,https://collectionapi.metmuseum.org/api/collection/v1/iiif/37414/main-image
37611,figure,,Tibet,Gilt bronze inlaid with turquoise and carnelian,http://www.metmuseum.org/art/collection/search/37611,https://collectionapi.metmuseum.org/api/collection/v1/iiif/37611/main-image
37654,figurine,,Thailand,"Gold, lacquer and silver",http://www.metmuseum.org/art/collection/search/37654,https://collectionapi.metmuseum.org/api/collection/v1/iiif/37654/main-image
38073,headless figure,,India (Uttar Pradesh),Sandstone,http://www.metmuseum.org/art/collection/search/38073,https://collectionapi.metmuseum.org/api/collection/v1/iiif/38073/main-image
38119,figure,,Pakistan (ancient region of Gandhara),Schist,http://www.metmuseum.org/art/collection/search/38119,https://collectionapi.metmuseum.org/api/collection/v1/iiif/38119/main-image
38123,figure,,"India (Bihar, probably Nalanda)",Black stone,http://www.metmuseum.org/art/collection/search/38123,https://collectionapi.metmuseum.org/api/collection/v1/iiif/38123/main-image
38157,figure,,Vietnam,Sandstone,http://www.metmuseum.org/art/collection/search/38157,https://collectionapi.metmuseum.org/api/collection/v1/iiif/38157/main-image
38160,figure,,Southern Cambodia,Sandstone,http://www.metmuseum.org/art/collection/search/38160,https://collectionapi.metmuseum.org/api/collection/v1/iiif/38160/main-image
38165,figure,,Thailand,Stone with traces of color,http://www.metmuseum.org/art/collection/search/38165,https://collectionapi.metmuseum.org/api/collection/v1/iiif/38165/main-image
38177,figure,,Southern Thailand,Sandstone,http://www.metmuseum.org/art/collection/search/38177,https://collectionapi.metmuseum.org/api/collection/v1/iiif/38177/main-image
38198,figure,,"India (Uttar Pradesh, Mathura)",Red sandstone,http://www.metmuseum.org/art/collection/search/38198,https://collectionapi.metmuseum.org/api/collection/v1/iiif/38198/main-image
38229,headless figure,,Afghanistan,Gypsum,http://www.metmuseum.org/art/collection/search/38229,https://collectionapi.metmuseum.org/api/collection/v1/iiif/38229/main-image
38230,figure,,Pakistan (ancient region of Gandhara),Stucco,http://www.metmuseum.org/art/collection/search/38230,https://collectionapi.metmuseum.org/api/collection/v1/iiif/38230/main-image
38259,figure,,India (Himachal Pradesh),Brass,http://www.metmuseum.org/art/collection/search/38259,https://collectionapi.metmuseum.org/api/collection/v1/iiif/38259/main-image
38272,headless figure,,Indonesia (Java),Andesite,http://www.metmuseum.org/art/collection/search/38272,https://collectionapi.metmuseum.org/api/collection/v1/iiif/38272/main-image
38275,figure,,Indonesia (Java),Silver,http://www.metmuseum.org/art/collection/search/38275,https://collectionapi.metmuseum.org/api/collection/v1/iiif/38275/main-image
38285,figurine,,Indonesia (Java),"Buddha: silver;  pedestal and throne back: bronze
",http://www.metmuseum.org/art/collection/search/38285,https://collectionapi.metmuseum.org/api/collection/v1/iiif/38285/main-image
38286,figurine,,Indonesia (Java),Silver,http://www.metmuseum.org/art/collection/search/38286,https://collectionapi.metmuseum.org/api/collection/v1/iiif/38286/main-image
38294,figurine,,"Thailand (Buriram province, Prakhon Chai)",Silver alloy,http://www.metmuseum.org/art/collection/search/38294,https://collectionapi.metmuseum.org/api/collection/v1/iiif/38294/main-image
38320,figure,,Burma,Stucco with traces of lacquer and polychrome,http://www.metmuseum.org/art/collection/search/38320,https://collectionapi.metmuseum.org/api/collection/v1/iiif/38320/main-image
38322,figure,,Nepal (Kathmandu Valley),Wood with traces of gesso and color,http://www.metmuseum.org/art/collection/search/38322,https://collectionapi.metmuseum.org/api/collection/v1/iiif/38322/main-image
38327,figure,,Nepal (Kathmandu Valley),Gilt copper alloy,http://www.metmuseum.org/art/collection/search/38327,https://collectionapi.metmuseum.org/api/collection/v1/iiif/38327/main-image
38328,figure,,Nepal,Copper alloy with gilding and color,http://www.metmuseum.org/art/collection/search/38328,https://collectionapi.metmuseum.org/api/collection/v1/iiif/38328/main-image
38329,figure,,Nepal (Kathmandu Valley),Gilt-copper alloy,http://www.metmuseum.org/art/collection/search/38329,https://collectionapi.metmuseum.org/api/collection/v1/iiif/38329/main-image
38330,figure,,"Nepal, Kathmandu Valley",Gilt-copper alloy with color and gold paint,http://www.metmuseum.org/art/collection/search/38330,https://collectionapi.metmuseum.org/api/collection/v1/iiif/38330/main-image
38331,figure,,Nepal (Kathmandu Valley),Gilt-copper alloy,http://www.metmuseum.org/art/collection/search/38331,https://collectionapi.metmuseum.org/api/collection/v1/iiif/38331/main-image
38335,figure,,"Nepal, Kathmandu Valley",Copper alloy with gilding and semiprecious stones,http://www.metmuseum.org/art/collection/search/38335,https://collectionapi.metmuseum.org/api/collection/v1/iiif/38335/main-image
38340,figure,,Nepal (Kathmandu Valley),Repousse copper inlaid with semi-precious stones,http://www.metmuseum.org/art/collection/search/38340,https://collectionapi.metmuseum.org/api/collection/v1/iiif/38340/main-image
38360,figurine,,Nepal (Kathmandu Valley),Gilt-copper alloy,http://www.metmuseum.org/art/collection/search/38360,https://collectionapi.metmuseum.org/api/collection/v1/iiif/38360/main-image
38372,figure,,Pakistan (ancient region of Gandhara),Schist,http://www.metmuseum.org/art/collection/search/38372,https://collectionapi.metmuseum.org/api/collection/v1/iiif/38372/main-image
38433,figurine,,Nepal (Kathmandu Valley),"Gilt copper alloy, inlaid with semiprecious stones",http://www.metmuseum.org/art/collection/search/38433,https://collectionapi.metmuseum.org/api/collection/v1/iiif/38433/main-image
38441,figure,,Nepal (Kathmandu Valley),"Sandalwood, traces of polychrome and gold
",http://www.metmuseum.org/art/collection/search/38441,https://collectionapi.metmuseum.org/api/collection/v1/iiif/38441/main-image
38448,figure,,Tibet,Ivory,http://www.metmuseum.org/art/collection/search/38448,https://collectionapi.metmuseum.org/api/collection/v1/iiif/38448/main-image
38485,figurine,,Thailand,Ivory,http://www.metmuseum.org/art/collection/search/38485,https://collectionapi.metmuseum.org/api/collection/v1/iiif/38485/main-image
38497,figure,,Nepal (Kathmandu Valley),Gilt-copper alloy with gold paint and blue pigment,http://www.metmuseum.org/art/collection/search/38497,https://collectionapi.metmuseum.org/api/collection/v1/iiif/38497/main-image
38533,figure,,India,Stone,http://www.metmuseum.org/art/collection/search/38533,https://collectionapi.metmuseum.org/api/collection/v1/iiif/38533/main-image
38646,figure,,Tibet,Gilt copper,http://www.metmuseum.org/art/collection/search/38646,https://collectionapi.metmuseum.org/api/collection/v1/iiif/38646/main-image
38647,headless figure,,Indonesia (Java),Andesite,http://www.metmuseum.org/art/collection/search/38647,https://collectionapi.metmuseum.org/api/collection/v1/iiif/38647/main-image
38703,figure,,Pakistan (ancient region of Gandhara) or India (Jammu & Kashmir),Phyllitic grey schist,http://www.metmuseum.org/art/collection/search/38703,https://collectionapi.metmuseum.org/api/collection/v1/iiif/38703/main-image
38788,figure,,Pakistan (ancient region of Gandhara),Schist,http://www.metmuseum.org/art/collection/search/38788,https://collectionapi.metmuseum.org/api/collection/v1/iiif/38788/main-image
38820,figure,,Pakistan (ancient region of Gandhara),Schist,http://www.metmuseum.org/art/collection/search/38820,https://collectionapi.metmuseum.org/api/collection/v1/iiif/38820/main-image
38827,figurine,,Tibet,Unglazed pottery,http://www.metmuseum.org/art/collection/search/38827,https://collectionapi.metmuseum.org/api/collection/v1/iiif/38827/main-image
38828,figurine,,Tibet,Unglazed pottery,http://www.metmuseum.org/art/collection/search/38828,https://collectionapi.metmuseum.org/api/collection/v1/iiif/38828/main-image
38830,figurine,,Tibet,Unglazed pottery,http://www.metmuseum.org/art/collection/search/38830,https://collectionapi.metmuseum.org/api/collection/v1/iiif/38830/main-image
38831,figurine,,Tibet,Unglazed pottery,http://www.metmuseum.org/art/collection/search/38831,https://collectionapi.metmuseum.org/api/collection/v1/iiif/38831/main-image
38920,figurine,,Thailand,Gold,http://www.metmuseum.org/art/collection/search/38920,https://collectionapi.metmuseum.org/api/collection/v1/iiif/38920/main-image
38932,figurine,,India,Bronze,http://www.metmuseum.org/art/collection/search/38932,https://collectionapi.metmuseum.org/api/collection/v1/iiif/38932/main-image
38934,figurine,,"India, Bihar","Bronze with silver inlay
",http://www.metmuseum.org/art/collection/search/38934,https://collectionapi.metmuseum.org/api/collection/v1/iiif/38934/main-image
38937,figure,,India (Bihar),Bronze with silver and copper inlay,http://www.metmuseum.org/art/collection/search/38937,https://collectionapi.metmuseum.org/api/collection/v1/iiif/38937/main-image
38938,figurine,,India (Kurkihar),Bronze,http://www.metmuseum.org/art/collection/search/38938,https://collectionapi.metmuseum.org/api/collection/v1/iiif/38938/main-image
38939,figure,,India (Bengal) or Bangladesh,Gilt bronze,http://www.metmuseum.org/art/collection/search/38939,https://collectionapi.metmuseum.org/api/collection/v1/iiif/38939/main-image
38940,figure,,Bangladesh (probably Comilla District),Bronze,http://www.metmuseum.org/art/collection/search/38940,https://collectionapi.metmuseum.org/api/collection/v1/iiif/38940/main-image
38948,figurine,,Cambodia or Thailand,Bronze,http://www.metmuseum.org/art/collection/search/38948,https://collectionapi.metmuseum.org/api/collection/v1/iiif/38948/main-image
38949,figure,,Northeastern Thailand,Copper alloy with tin,http://www.metmuseum.org/art/collection/search/38949,https://collectionapi.metmuseum.org/api/collection/v1/iiif/38949/main-image
38950,figure,,Northeastern Thailand,Copper alloy inlaid with silver and glass or obsidian,http://www.metmuseum.org/art/collection/search/38950,https://collectionapi.metmuseum.org/api/collection/v1/iiif/38950/main-image
38951,figure,,Northeastern Thailand,Copper alloy inlaid with silver and glass or obsidian,http://www.metmuseum.org/art/collection/search/38951,https://collectionapi.metmuseum.org/api/collection/v1/iiif/38951/main-image
38952,figure,,Southern Thailand or Sumatra,Copper alloy,http://www.metmuseum.org/art/collection/search/38952,https://collectionapi.metmuseum.org/api/collection/v1/iiif/38952/main-image
38953,figure,,Thailand,Bronze,http://www.metmuseum.org/art/collection/search/38953,https://collectionapi.metmuseum.org/api/collection/v1/iiif/38953/main-image
38954,figure,,Thailand (Nakhon Pathom Province),Bronze with traces of gilt,http://www.metmuseum.org/art/collection/search/38954,https://collectionapi.metmuseum.org/api/collection/v1/iiif/38954/main-image
38955,figure,,Burma,Bronze,http://www.metmuseum.org/art/collection/search/38955,https://collectionapi.metmuseum.org/api/collection/v1/iiif/38955/main-image
38956,figurine,,Thailand,Bronze,http://www.metmuseum.org/art/collection/search/38956,https://collectionapi.metmuseum.org/api/collection/v1/iiif/38956/main-image
38957,figure,,Thailand,Bronze,http://www.metmuseum.org/art/collection/search/38957,https://collectionapi.metmuseum.org/api/collection/v1/iiif/38957/main-image
38958,figure,,Peninsular Thailand,Bronze,http://www.metmuseum.org/art/collection/search/38958,https://collectionapi.metmuseum.org/api/collection/v1/iiif/38958/main-image
38960,figure,,Indonesia,Bronze,http://www.metmuseum.org/art/collection/search/38960,https://collectionapi.metmuseum.org/api/collection/v1/iiif/38960/main-image
38965,figure,,India (probably Bihar),Copper alloy,http://www.metmuseum.org/art/collection/search/38965,https://collectionapi.metmuseum.org/api/collection/v1/iiif/38965/main-image
38972,figurine,,Sri Lanka,Bronze with traces of gilt,http://www.metmuseum.org/art/collection/search/38972,https://collectionapi.metmuseum.org/api/collection/v1/iiif/38972/main-image
38973,figurine,,Sri Lanka,Bronze,http://www.metmuseum.org/art/collection/search/38973,https://collectionapi.metmuseum.org/api/collection/v1/iiif/38973/main-image
38974,figurine,,Sri Lanka,Bronze,http://www.metmuseum.org/art/collection/search/38974,https://collectionapi.metmuseum.org/api/collection/v1/iiif/38974/main-image
38977,figure,,Sri Lanka,Bronze,http://www.metmuseum.org/art/collection/search/38977,https://collectionapi.metmuseum.org/api/collection/v1/iiif/38977/main-image
38978,figurine,,Sri Lanka,Bronze,http://www.metmuseum.org/art/collection/search/38978,https://collectionapi.metmuseum.org/api/collection/v1/iiif/38978/main-image
38980,figure,,India (Jammu and Kashmir)  or Pakistan (Swat Valley),"Bronze inlaid with silver

",http://www.metmuseum.org/art/collection/search/38980,https://collectionapi.metmuseum.org/api/collection/v1/iiif/38980/main-image
38981,figurine,,Pakistan,Bronze,http://www.metmuseum.org/art/collection/search/38981,https://collectionapi.metmuseum.org/api/collection/v1/iiif/38981/main-image
38983,figure,,"Pakistan (NW Frontier Province, probably Swat Valley)",Bronze with silver inlay,http://www.metmuseum.org/art/collection/search/38983,https://collectionapi.metmuseum.org/api/collection/v1/iiif/38983/main-image
38986,figure,,Pakistan (possibly Gilgit region),Bronze with silver inlay,http://www.metmuseum.org/art/collection/search/38986,https://collectionapi.metmuseum.org/api/collection/v1/iiif/38986/main-image
38987,figure,,"India (Jammu & Kashmir, ancient kingdom of Kashmir) or Pakistan",Bronze with silver inlay,http://www.metmuseum.org/art/collection/search/38987,https://collectionapi.metmuseum.org/api/collection/v1/iiif/38987/main-image
38997,figure,,Indonesia (Java),Bronze,http://www.metmuseum.org/art/collection/search/38997,https://collectionapi.metmuseum.org/api/collection/v1/iiif/38997/main-image
38998,figure,,Indonesia (Java),Bronze,http://www.metmuseum.org/art/collection/search/38998,https://collectionapi.metmuseum.org/api/collection/v1/iiif/38998/main-image
38999,figurine,,Indonesia (Java),Bronze,http://www.metmuseum.org/art/collection/search/38999,https://collectionapi.metmuseum.org/api/collection/v1/iiif/38999/main-image
39017,figure,,Indonesia (Java),Bronze,http://www.metmuseum.org/art/collection/search/39017,https://collectionapi.metmuseum.org/api/collection/v1/iiif/39017/main-image
39018,figure,,Indonesia (Java),Bronze,http://www.metmuseum.org/art/collection/search/39018,https://collectionapi.metmuseum.org/api/collection/v1/iiif/39018/main-image
39019,figure,,Indonesia (Java),Bronze,http://www.metmuseum.org/art/collection/search/39019,https://collectionapi.metmuseum.org/api/collection/v1/iiif/39019/main-image
39020,figure,,Indonesia (Java),Bronze,http://www.metmuseum.org/art/collection/search/39020,https://collectionapi.metmuseum.org/api/collection/v1/iiif/39020/main-image
39021,figure,,Indonesia (Java),Bronze,http://www.metmuseum.org/art/collection/search/39021,https://collectionapi.metmuseum.org/api/collection/v1/iiif/39021/main-image
39022,figurine,,Indonesia (Java),Bronze,http://www.metmuseum.org/art/collection/search/39022,https://collectionapi.metmuseum.org/api/collection/v1/iiif/39022/main-image
39023,figurine,,Indonesia (Java),Bronze,http://www.metmuseum.org/art/collection/search/39023,https://collectionapi.metmuseum.org/api/collection/v1/iiif/39023/main-image
39024,figure,,Indonesia (Java),Bronze,http://www.metmuseum.org/art/collection/search/39024,https://collectionapi.metmuseum.org/api/collection/v1/iiif/39024/main-image
39025,figure,,Indonesia (Java),Bronze,http://www.metmuseum.org/art/collection/search/39025,https://collectionapi.metmuseum.org/api/collection/v1/iiif/39025/main-image
39026,figure,,Indonesia (Java),Bronze,http://www.metmuseum.org/art/collection/search/39026,https://collectionapi.metmuseum.org/api/collection/v1/iiif/39026/main-image
39027,figurine,,Indonesia (Java),Bronze,http://www.metmuseum.org/art/collection/search/39027,https://collectionapi.metmuseum.org/api/collection/v1/iiif/39027/main-image
39028,figurine,,Indonesia (Java),Bronze,http://www.metmuseum.org/art/collection/search/39028,https://collectionapi.metmuseum.org/api/collection/v1/iiif/39028/main-image
39030,figurine,,Indonesia (Java),Bronze,http://www.metmuseum.org/art/collection/search/39030,https://collectionapi.metmuseum.org/api/collection/v1/iiif/39030/main-image
39033,figure,,Indonesia (Java),Bronze,http://www.metmuseum.org/art/collection/search/39033,https://collectionapi.metmuseum.org/api/collection/v1/iiif/39033/main-image
39034,figure,,Bangladesh,Bronze,http://www.metmuseum.org/art/collection/search/39034,https://collectionapi.metmuseum.org/api/collection/v1/iiif/39034/main-image
39037,figurine,,Indonesia (Java),Bronze,http://www.metmuseum.org/art/collection/search/39037,https://collectionapi.metmuseum.org/api/collection/v1/iiif/39037/main-image
39041,figure,,Indonesia (Java),Bronze,http://www.metmuseum.org/art/collection/search/39041,https://collectionapi.metmuseum.org/api/collection/v1/iiif/39041/main-image
39055,figure,,Indonesia (Java),Bronze,http://www.metmuseum.org/art/collection/search/39055,https://collectionapi.metmuseum.org/api/collection/v1/iiif/39055/main-image
39056,figurine,,Indonesia (Java),Bronze,http://www.metmuseum.org/art/collection/search/39056,https://collectionapi.metmuseum.org/api/collection/v1/iiif/39056/main-image
39057,figurine,,Indonesia (Java),Bronze,http://www.metmuseum.org/art/collection/search/39057,https://collectionapi.metmuseum.org/api/collection/v1/iiif/39057/main-image
39092,figure,,Western Cambodia,Copper alloy,http://www.metmuseum.org/art/collection/search/39092,https://collectionapi.metmuseum.org/api/collection/v1/iiif/39092/main-image
39093,figure,,Thailand (near the Korat plateau),Bronze,http://www.metmuseum.org/art/collection/search/39093,https://collectionapi.metmuseum.org/api/collection/v1/iiif/39093/main-image
39094,figurine,,Thailand,Bronze,http://www.metmuseum.org/art/collection/search/39094,https://collectionapi.metmuseum.org/api/collection/v1/iiif/39094/main-image
39095,figure,,Thailand (Prakhon Chai),Bronze,http://www.metmuseum.org/art/collection/search/39095,https://collectionapi.metmuseum.org/api/collection/v1/iiif/39095/main-image
39100,figure,,Cambodia,Bronze,http://www.metmuseum.org/art/collection/search/39100,https://collectionapi.metmuseum.org/api/collection/v1/iiif/39100/main-image
39101,figure,,Cambodia,Bronze,http://www.metmuseum.org/art/collection/search/39101,https://collectionapi.metmuseum.org/api/collection/v1/iiif/39101/main-image
39102,figure,,Thailand,Bronze,http://www.metmuseum.org/art/collection/search/39102,https://collectionapi.metmuseum.org/api/collection/v1/iiif/39102/main-image
39105,figurine,,Cambodia or Thailand,Bronze,http://www.metmuseum.org/art/collection/search/39105,https://collectionapi.metmuseum.org/api/collection/v1/iiif/39105/main-image
39106,figure,,Thailand,Bronze,http://www.metmuseum.org/art/collection/search/39106,https://collectionapi.metmuseum.org/api/collection/v1/iiif/39106/main-image
39109,figure,,Thailand,Bronze,http://www.metmuseum.org/art/collection/search/39109,https://collectionapi.metmuseum.org/api/collection/v1/iiif/39109/main-image
39112,figure,,Thailand,Bronze,http://www.metmuseum.org/art/collection/search/39112,https://collectionapi.metmuseum.org/api/collection/v1/iiif/39112/main-image
39116,figure,,Burma,Bronze,http://www.metmuseum.org/art/collection/search/39116,https://collectionapi.metmuseum.org/api/collection/v1/iiif/39116/main-image
39119,figure,,Indonesia (Sumatra),Bronze,http://www.metmuseum.org/art/collection/search/39119,https://collectionapi.metmuseum.org/api/collection/v1/iiif/39119/main-image
39122,figurine,,"Thailand (Buriram Province, Prakhon Chai)",Bronze with high-tin content or silver alloy,http://www.metmuseum.org/art/collection/search/39122,https://collectionapi.metmuseum.org/api/collection/v1/iiif/39122/main-image
39125,figurine,,Sri Lanka,Bronze,http://www.metmuseum.org/art/collection/search/39125,https://collectionapi.metmuseum.org/api/collection/v1/iiif/39125/main-image
39130,figurine,,India (Bengal) or Bangladesh,Bronze with silver and copper inlay,http://www.metmuseum.org/art/collection/search/39130,https://collectionapi.metmuseum.org/api/collection/v1/iiif/39130/main-image
39135,figure,,Nepal (Kathmandu Valley),Bronze,http://www.metmuseum.org/art/collection/search/39135,https://collectionapi.metmuseum.org/api/collection/v1/iiif/39135/main-image
39139,figure,,Tibet,Bronze,http://www.metmuseum.org/art/collection/search/39139,https://collectionapi.metmuseum.org/api/collection/v1/iiif/39139/main-image
39141,figure,,Tibet,"Gilt copper alloy with inlaid silver filaments, turquoise, and semiprecious stones",http://www.metmuseum.org/art/collection/search/39141,https://collectionapi.metmuseum.org/api/collection/v1/iiif/39141/main-image
39142,figure,,India,Bronze with silver and copper inlay,http://www.metmuseum.org/art/collection/search/39142,https://collectionapi.metmuseum.org/api/collection/v1/iiif/39142/main-image
39149,figure,,Thailand,Bronze,http://www.metmuseum.org/art/collection/search/39149,https://collectionapi.metmuseum.org/api/collection/v1/iiif/39149/main-image
39150,figure,,"Thailand (Buriram Province, Prakhon Chai)",Bronze,http://www.metmuseum.org/art/collection/search/39150,https://collectionapi.metmuseum.org/api/collection/v1/iiif/39150/main-image
39151,figure,,Indonesia (Java),Bronze,http://www.metmuseum.org/art/collection/search/39151,https://collectionapi.metmuseum.org/api/collection/v1/iiif/39151/main-image
39152,figure,,"Indonesia (Java, Ngandjuk)",Bronze,http://www.metmuseum.org/art/collection/search/39152,https://collectionapi.metmuseum.org/api/collection/v1/iiif/39152/main-image
39158,figure,,"Thailand, Haripunjaya style",Bronze,http://www.metmuseum.org/art/collection/search/39158,https://collectionapi.metmuseum.org/api/collection/v1/iiif/39158/main-image
39164,figure,,Pakistan (ancient region of Gandhara),Brass,http://www.metmuseum.org/art/collection/search/39164,https://collectionapi.metmuseum.org/api/collection/v1/iiif/39164/main-image
39165,figure,,Pakistan (ancient region of Gandhara),Brass,http://www.metmuseum.org/art/collection/search/39165,https://collectionapi.metmuseum.org/api/collection/v1/iiif/39165/main-image
39167,figure,,Indonesia (Sumatra),Bronze,http://www.metmuseum.org/art/collection/search/39167,https://collectionapi.metmuseum.org/api/collection/v1/iiif/39167/main-image
39171,figure,,Sri Lanka,Gilt bronze,http://www.metmuseum.org/art/collection/search/39171,https://collectionapi.metmuseum.org/api/collection/v1/iiif/39171/main-image
39174,figurine,,Sri Lanka,Bronze,http://www.metmuseum.org/art/collection/search/39174,https://collectionapi.metmuseum.org/api/collection/v1/iiif/39174/main-image
39175,figure,,Thailand,Gilt bronze,http://www.metmuseum.org/art/collection/search/39175,https://collectionapi.metmuseum.org/api/collection/v1/iiif/39175/main-image
39177,figure,,Western Tibet,Gilt bronze,http://www.metmuseum.org/art/collection/search/39177,https://collectionapi.metmuseum.org/api/collection/v1/iiif/39177/main-image
39180,figure,,Thailand,Bronze,http://www.metmuseum.org/art/collection/search/39180,https://collectionapi.metmuseum.org/api/collection/v1/iiif/39180/main-image
39181,figure,,Mongolia,Gilt bronze,http://www.metmuseum.org/art/collection/search/39181,https://collectionapi.metmuseum.org/api/collection/v1/iiif/39181/main-image
39184,figure,,Thailand or Cambodia,"Copper alloy, silver inlay",http://www.metmuseum.org/art/collection/search/39184,https://collectionapi.metmuseum.org/api/collection/v1/iiif/39184/restricted
39186,figure,,Indonesia (Kalimantan),Bronze,http://www.metmuseum.org/art/collection/search/39186,https://collectionapi.metmuseum.org/api/collection/v1/iiif/39186/main-image
39188,figure,,Burma,Bronze with silver inlay,http://www.metmuseum.org/art/collection/search/39188,https://collectionapi.metmuseum.org/api/collection/v1/iiif/39188/main-image
39191,figure,,"Thailand (Buriram Province, Prakhon Chai)",Bronze,http://www.metmuseum.org/art/collection/search/39191,https://collectionapi.metmuseum.org/api/collection/v1/iiif/39191/main-image
39196,figure,,"Thailand (Buriram Province, Prakhon Chai)","Bronze with high tin content, or silver alloy",http://www.metmuseum.org/art/collection/search/39196,https://collectionapi.metmuseum.org/api/collection/v1/iiif/39196/main-image
39197,figure,,"Sri Lanka, central plateau","Copper alloy with gilding
",http://www.metmuseum.org/art/collection/search/39197,https://collectionapi.metmuseum.org/api/collection/v1/iiif/39197/main-image
39199,figure,,Central or northeastern Thailand,Silver alloy,http://www.metmuseum.org/art/collection/search/39199,https://collectionapi.metmuseum.org/api/collection/v1/iiif/39199/main-image
39214,figure,,India,Bronze with silver inlay,http://www.metmuseum.org/art/collection/search/39214,https://collectionapi.metmuseum.org/api/collection/v1/iiif/39214/main-image
39215,figure,,Vietnam or Cambodia,Stone,http://www.metmuseum.org/art/collection/search/39215,https://collectionapi.metmuseum.org/api/collection/v1/iiif/39215/main-image
39217,figurine,,Pakistan,Bronze,http://www.metmuseum.org/art/collection/search/39217,https://collectionapi.metmuseum.org/api/collection/v1/iiif/39217/main-image
39222,figure,,Sri Lanka,Bronze with high tin content,http://www.metmuseum.org/art/collection/search/39222,https://collectionapi.metmuseum.org/api/collection/v1/iiif/39222/main-image
39233,figurine,,Thailand,Bronze,http://www.metmuseum.org/art/collection/search/39233,https://collectionapi.metmuseum.org/api/collection/v1/iiif/39233/main-image
39235,figure,,Indonesia (Sumatra),Bronze,http://www.metmuseum.org/art/collection/search/39235,https://collectionapi.metmuseum.org/api/collection/v1/iiif/39235/main-image
39236,figure,,Indonesia (Sumatra),Bronze,http://www.metmuseum.org/art/collection/search/39236,https://collectionapi.metmuseum.org/api/collection/v1/iiif/39236/main-image
39237,figure,,Indonesia (Sumatra),Bronze,http://www.metmuseum.org/art/collection/search/39237,https://collectionapi.metmuseum.org/api/collection/v1/iiif/39237/main-image
39238,figure,,Indonesia (Sumatra),Bronze,http://www.metmuseum.org/art/collection/search/39238,https://collectionapi.metmuseum.org/api/collection/v1/iiif/39238/main-image
39239,figure,,Indonesia (Sumatra),Bronze,http://www.metmuseum.org/art/collection/search/39239,https://collectionapi.metmuseum.org/api/collection/v1/iiif/39239/main-image
39266,figure,,Nepal (Kathmandu Valley),Gilt bronze,http://www.metmuseum.org/art/collection/search/39266,https://collectionapi.metmuseum.org/api/collection/v1/iiif/39266/main-image
39306,figure,,Thailand,Bronze,http://www.metmuseum.org/art/collection/search/39306,https://collectionapi.metmuseum.org/api/collection/v1/iiif/39306/main-image
39311,figure,,Thailand (Khorat Plateau),Bronze,http://www.metmuseum.org/art/collection/search/39311,https://collectionapi.metmuseum.org/api/collection/v1/iiif/39311/main-image
39339,figurine,,India (Kashmir region),Brass inlaid with copper and silver,http://www.metmuseum.org/art/collection/search/39339,https://collectionapi.metmuseum.org/api/collection/v1/iiif/39339/main-image
39345,figure,,"India, Ancient kingdom of Kashmir",Brass,http://www.metmuseum.org/art/collection/search/39345,https://collectionapi.metmuseum.org/api/collection/v1/iiif/39345/main-image
39351,figure,,Nepal (Kathmandu Valley),Copper alloy,http://www.metmuseum.org/art/collection/search/39351,https://collectionapi.metmuseum.org/api/collection/v1/iiif/39351/main-image
39396,figure,,Nepal (Kathmandu Valley),Copper alloy,http://www.metmuseum.org/art/collection/search/39396,https://collectionapi.metmuseum.org/api/collection/v1/iiif/39396/main-image
39398,figure,,Tibet,"Copper alloy with traces of gold paint, inlaid with silver and gold",http://www.metmuseum.org/art/collection/search/39398,https://collectionapi.metmuseum.org/api/collection/v1/iiif/39398/main-image
39420,figure,,Tibet,Brass with traces of gilding and color,http://www.metmuseum.org/art/collection/search/39420,https://collectionapi.metmuseum.org/api/collection/v1/iiif/39420/main-image
39607,figurine,,"India (Tamil Nadu, Nagapattinam)",Copper alloy,http://www.metmuseum.org/art/collection/search/39607,https://collectionapi.metmuseum.org/api/collection/v1/iiif/39607/main-image
39634,figure,,China,Mammoth ivory,http://www.metmuseum.org/art/collection/search/39634,https://collectionapi.metmuseum.org/api/collection/v1/iiif/39634/main-image
39756,figure,,China,Marble,http://www.metmuseum.org/art/collection/search/39756,https://collectionapi.metmuseum.org/api/collection/v1/iiif/39756/main-image
41469,figure,清初    檀木雕送子觀音像|Guanyin the Bringer of Sons,China,Sandalwood with traces of pigment and gilding,http://www.metmuseum.org/art/collection/search/41469,https://collectionapi.metmuseum.org/api/collection/v1/iiif/41469/main-image
42163,figure,"唐 彩繪塗金夾紵漆阿彌陀佛像|Buddha, probably Amitabha",China,Dry lacquer with polychrome pigment and gilding,http://www.metmuseum.org/art/collection/search/42163,https://collectionapi.metmuseum.org/api/collection/v1/iiif/42163/main-image
42586,figure,,Japan,Gilt bronze,http://www.metmuseum.org/art/collection/search/42586,https://collectionapi.metmuseum.org/api/collection/v1/iiif/42586/main-image
42588,figure,金剛法菩薩坐像|Kongōhō Bodhisattva (Vajradharma),Japan,Bronze,http://www.metmuseum.org/art/collection/search/42588,https://collectionapi.metmuseum.org/api/collection/v1/iiif/42588/main-image
42589,figure,"地蔵菩薩坐像|Jizō, Bodhisattva of the Earth Store (Kshitigarbha)",Japan,"Wood with lacquer, pigment, and cut gold",http://www.metmuseum.org/art/collection/search/42589,https://collectionapi.metmuseum.org/api/collection/v1/iiif/42589/main-image
42641,figure,,Thailand,Bronze inlaid with obsidian(?),http://www.metmuseum.org/art/collection/search/42641,https://collectionapi.metmuseum.org/api/collection/v1/iiif/42641/main-image
42702,headless figure,北齊  彩繪石雕菩薩立像|Standing bodhisattva,China,Limestone with traces of pigment,http://www.metmuseum.org/art/collection/search/42702,https://collectionapi.metmuseum.org/api/collection/v1/iiif/42702/main-image
42703,figure,隋/唐 彩繪石雕觀音菩薩像|Bodhisattva Avalokiteshvara (Guanyin),China,Limestone with traces of pigment,http://www.metmuseum.org/art/collection/search/42703,https://collectionapi.metmuseum.org/api/collection/v1/iiif/42703/main-image
42706,figure,"北魏　石雕菩薩像（彌勒）|Bodhisattva, possibly Maitreya",China,Limestone,http://www.metmuseum.org/art/collection/search/42706,https://collectionapi.metmuseum.org/api/collection/v1/iiif/42706/main-image
42708,figure,北魏　石雕思惟菩薩像|Bodhisattva in pensive pose,China,Limestone,http://www.metmuseum.org/art/collection/search/42708,https://collectionapi.metmuseum.org/api/collection/v1/iiif/42708/main-image
42711,figure,北魏　彩繪石雕交腳菩薩像　（彌勒）|Bodhisattva (Maitreya) with crossed ankles,China,Sandstone with traces of pigment,http://www.metmuseum.org/art/collection/search/42711,https://collectionapi.metmuseum.org/api/collection/v1/iiif/42711/main-image
42717,figure,,China,Limestone with traces of pigment,http://www.metmuseum.org/art/collection/search/42717,https://collectionapi.metmuseum.org/api/collection/v1/iiif/42717/main-image
42718,figure,"北齊  彩繪石雕觀音菩薩像|Bodhisattva, probably Avalokiteshvara (Guanyin)",China,"Sandstone with pigment
",http://www.metmuseum.org/art/collection/search/42718,https://collectionapi.metmuseum.org/api/collection/v1/iiif/42718/main-image
42724,figure,北宋 彩繪木雕文殊菩薩像（地黃木胎）|Bodhisattva Manjushri (Wenshu),China,Wood (foxglove) with traces of pigment; single woodblock construction,http://www.metmuseum.org/art/collection/search/42724,https://collectionapi.metmuseum.org/api/collection/v1/iiif/42724/main-image
42725,figure,北宋 彩繪木雕觀音菩薩像（地黃木胎）|Bodhisattva Avalokiteshvara (Guanyin),China,"Wood (foxglove) with pigments, gilding, quartz and carnelian; single woodblock construction

",http://www.metmuseum.org/art/collection/search/42725,https://collectionapi.metmuseum.org/api/collection/v1/iiif/42725/main-image
42726,figure,,China,Wood (foxglove) with traces of  pigment; single-woodblock construction,http://www.metmuseum.org/art/collection/search/42726,https://collectionapi.metmuseum.org/api/collection/v1/iiif/42726/main-image
42727,figure,明洪武十八年 彩繪木雕水月觀音菩薩像（柳木胎）|Bodhisattva Avalokiteshvara in Water Moon Form (Shuiyue Guanyin),China,Wood (willow) with gesso and traces of pigment; single woodblock construction,http://www.metmuseum.org/art/collection/search/42727,https://collectionapi.metmuseum.org/api/collection/v1/iiif/42727/main-image
42728,figure,,China,"Wood (willow) with traces of pigment, single-woodblock construction",http://www.metmuseum.org/art/collection/search/42728,https://collectionapi.metmuseum.org/api/collection/v1/iiif/42728/main-image
42730,figure,,China,Wood with lacquer and gilding,http://www.metmuseum.org/art/collection/search/42730,https://collectionapi.metmuseum.org/api/collection/v1/iiif/42730/main-image
42731,figure,遼  彩繪木雕水月觀音菩薩像（柳木胎）|Bodhisattva Avalokiteshvara in Water Moon Form (Shuiyue Guanyin),China,Wood (willow) with traces of pigment; multiple-woodblock construction,http://www.metmuseum.org/art/collection/search/42731,https://collectionapi.metmuseum.org/api/collection/v1/iiif/42731/main-image
42733,figure,北魏太和十年 鎏金青銅彌勒佛像|Buddha Maitreya (Mile),China,Gilt bronze with traces of pigment; piece-mold cast,http://www.metmuseum.org/art/collection/search/42733,https://collectionapi.metmuseum.org/api/collection/v1/iiif/42733/main-image
44084,figure,清 水晶佛像|Buddha,China,Rock crystal,http://www.metmuseum.org/art/collection/search/44084,https://collectionapi.metmuseum.org/api/collection/v1/iiif/44084/main-image
44891,figure,"地蔵菩薩像 (Jizō Bosatsu ryūzō)|Jizō, Bodhisattva of the Earth Store (Kshitigarbha)",Japan,"Wood with lacquer, pigment, and cut gold",http://www.metmuseum.org/art/collection/search/44891,https://collectionapi.metmuseum.org/api/collection/v1/iiif/44891/main-image
45449,figure,,"India, Andhra Pradesh or Karnataka",Copper alloy,http://www.metmuseum.org/art/collection/search/45449,https://collectionapi.metmuseum.org/api/collection/v1/iiif/45449/main-image
49107,figure,観音菩薩像|Attendant Bodhisattva Kannon,Japan,"Wood with lacquer, gold paint, gold leaf, and inlaid crystal",http://www.metmuseum.org/art/collection/search/49107,https://collectionapi.metmuseum.org/api/collection/v1/iiif/49107/main-image
49109,figure,如意輪観音坐像|Nyoirin Kannon,Japan,"Wood with gold, gold leaf, lacquer,and crystal inlay",http://www.metmuseum.org/art/collection/search/49109,https://collectionapi.metmuseum.org/api/collection/v1/iiif/49109/main-image
49112,figure,"地蔵菩薩立像|Jizō, Bodhisattva of the Earth Store (Kshitigarbha)",Japan,"Wood with lacquer, pigment, and cut gold",http://www.metmuseum.org/art/collection/search/49112,https://collectionapi.metmuseum.org/api/collection/v1/iiif/49112/main-image
49124,figure,阿弥陀如来立像|Amida Nyorai,Japan,Gilt bronze,http://www.metmuseum.org/art/collection/search/49124,https://collectionapi.metmuseum.org/api/collection/v1/iiif/49124/main-image
49257,figure,"聖観音立像|Shō Kannon, the Bodhisattva of Compassion",Japan,Wood with traces of gold and color,http://www.metmuseum.org/art/collection/search/49257,https://collectionapi.metmuseum.org/api/collection/v1/iiif/49257/main-image
49567,figure,,"China, Yunnan Province",Gilt arsenical bronze,http://www.metmuseum.org/art/collection/search/49567,https://collectionapi.metmuseum.org/api/collection/v1/iiif/49567/main-image
49568,figure,"遼 鎏金青銅五髻文殊菩薩像|Manjushri,  Bodhisattva of Wisdom, with five knots of hair (Wuji wenshu)",China,Gilt bronze; lost-wax cast,http://www.metmuseum.org/art/collection/search/49568,https://collectionapi.metmuseum.org/api/collection/v1/iiif/49568/main-image
49808,figure,,Burma,Bronze,http://www.metmuseum.org/art/collection/search/49808,https://collectionapi.metmuseum.org/api/collection/v1/iiif/49808/main-image
50668,figure,,Thailand or Cambodia,Bronze,http://www.metmuseum.org/art/collection/search/50668,https://collectionapi.metmuseum.org/api/collection/v1/iiif/50668/restricted
51170,figure,,Vietnam,Gilt bronze,http://www.metmuseum.org/art/collection/search/51170,https://collectionapi.metmuseum.org/api/collection/v1/iiif/51170/main-image
52095,figure,,Korea,Gilt bronze,http://www.metmuseum.org/art/collection/search/52095,https://collectionapi.metmuseum.org/api/collection/v1/iiif/52095/main-image
54080,figure,唐 鎏金青銅毗盧遮那佛坐像|Seated Buddha Vairocana,China,Gilt bronze,http://www.metmuseum.org/art/collection/search/54080,https://collectionapi.metmuseum.org/api/collection/v1/iiif/54080/main-image
54082,figure,唐 鎏金青銅觀音菩薩像|Bodhisattva Avalokiteshvara (Guanyin),China,Gilt bronze,http://www.metmuseum.org/art/collection/search/54082,https://collectionapi.metmuseum.org/api/collection/v1/iiif/54082/main-image
54083,figure,五代 青銅鎏金觀音菩薩像|Bodhisattva Avalokiteshvara (Guanyin),China,Gilt bronze,http://www.metmuseum.org/art/collection/search/54083,https://collectionapi.metmuseum.org/api/collection/v1/iiif/54083/main-image
54207,figure,唐 青銅鎏金觀音菩薩像|Bodhisattva Avalokiteshvara (Guanyin),China,Gilt bronze,http://www.metmuseum.org/art/collection/search/54207,https://collectionapi.metmuseum.org/api/collection/v1/iiif/54207/main-image
54208,figure,隋 鎏金青銅觀音菩薩像|Bodhisattva Avalokiteshvara (Guanyin),China,Gilt bronze,http://www.metmuseum.org/art/collection/search/54208,https://collectionapi.metmuseum.org/api/collection/v1/iiif/54208/main-image
54245,figure,"獅吼觀音菩薩|Bodhisattva Avalokiteshvara of the Lion's Roar, or Simhanada Avalokiteshvara (Shi Hou Guanyin)",China,Wood (poplar) with pigment; single-woodblock construction,http://www.metmuseum.org/art/collection/search/54245,https://collectionapi.metmuseum.org/api/collection/v1/iiif/54245/main-image
57371,figure,,Korea,Gilt bronze,http://www.metmuseum.org/art/collection/search/57371,https://collectionapi.metmuseum.org/api/collection/v1/iiif/57371/main-image
57372,figure,,Korea,Bronze,http://www.metmuseum.org/art/collection/search/57372,https://collectionapi.metmuseum.org/api/collection/v1/iiif/57372/main-image
57571,figurine,,Korea,Gilt bronze,http://www.metmuseum.org/art/collection/search/57571,https://collectionapi.metmuseum.org/api/collection/v1/iiif/57571/main-image
57572,figurine,,Korea,Gilt bronze,http://www.metmuseum.org/art/collection/search/57572,https://collectionapi.metmuseum.org/api/collection/v1/iiif/57572/main-image
57578,figure,,Korea,Bronze,http://www.metmuseum.org/art/collection/search/57578,https://collectionapi.metmuseum.org/api/collection/v1/iiif/57578/main-image
57612,figure,明永樂 黃銅鎏金敏捷文殊菩薩像|Bodhisattva Manjushri as Tikshna-Manjushri (Minjie Wenshu),China,Gilt brass; lost-wax casting,http://www.metmuseum.org/art/collection/search/57612,https://collectionapi.metmuseum.org/api/collection/v1/iiif/57612/main-image
61507,figure,,China,"Stone, paint traces",http://www.metmuseum.org/art/collection/search/61507,https://collectionapi.metmuseum.org/api/collection/v1/iiif/61507/main-image
61508,figure,,China,"Marble, paint traces",http://www.metmuseum.org/art/collection/search/61508,https://collectionapi.metmuseum.org/api/collection/v1/iiif/61508/main-image
61509,figure,明    銅觀音菩薩像|Bodhisattva Guanyin,China,Leaded brass,http://www.metmuseum.org/art/collection/search/61509,https://collectionapi.metmuseum.org/api/collection/v1/iiif/61509/main-image
61510,figure,,China,Gilt bronze,http://www.metmuseum.org/art/collection/search/61510,https://collectionapi.metmuseum.org/api/collection/v1/iiif/61510/main-image
61511,figure,唐 鎏金青銅觀音菩薩立像|Standing Bodhisattva Avalokiteshvara (Guanyin),China,Gilt bronze,http://www.metmuseum.org/art/collection/search/61511,https://collectionapi.metmuseum.org/api/collection/v1/iiif/61511/main-image
61512,figure,北魏 鎏金青銅佛造像|Standing Buddha,China,Gilt bronze,http://www.metmuseum.org/art/collection/search/61512,https://collectionapi.metmuseum.org/api/collection/v1/iiif/61512/main-image
61513,figure,北魏 鎏金青銅佛造像|Seated Buddha,China,Gilt bronze,http://www.metmuseum.org/art/collection/search/61513,https://collectionapi.metmuseum.org/api/collection/v1/iiif/61513/main-image
61535,figurine,隋？青銅思惟佛像|Seated bodhisattva in pensive pose,China,Bronze,http://www.metmuseum.org/art/collection/search/61535,https://collectionapi.metmuseum.org/api/collection/v1/iiif/61535/main-image
61536,figure,隋 青銅菩薩立像|Bodhisattva,China,Bronze,http://www.metmuseum.org/art/collection/search/61536,https://collectionapi.metmuseum.org/api/collection/v1/iiif/61536/main-image
61539,figure,唐 鎏金青銅觀音菩薩立像|Bodhisattva Avalokiteshvara (Guanyin),China,Gilt bronze,http://www.metmuseum.org/art/collection/search/61539,https://collectionapi.metmuseum.org/api/collection/v1/iiif/61539/main-image
61548,figure,,China,"Wood, polychrome",http://www.metmuseum.org/art/collection/search/61548,https://collectionapi.metmuseum.org/api/collection/v1/iiif/61548/main-image
61549,figure,唐  石雕阿彌陀佛像|Buddha,China,Marble,http://www.metmuseum.org/art/collection/search/61549,https://collectionapi.metmuseum.org/api/collection/v1/iiif/61549/main-image
61551,figure,,China,"Wood, gilt traces",http://www.metmuseum.org/art/collection/search/61551,https://collectionapi.metmuseum.org/api/collection/v1/iiif/61551/main-image
61552,figure,,China,Wood,http://www.metmuseum.org/art/collection/search/61552,https://collectionapi.metmuseum.org/api/collection/v1/iiif/61552/main-image
61553,figure,,China,Wood,http://www.metmuseum.org/art/collection/search/61553,https://collectionapi.metmuseum.org/api/collection/v1/iiif/61553/main-image
61556,figure,,China,Wood,http://www.metmuseum.org/art/collection/search/61556,https://collectionapi.metmuseum.org/api/collection/v1/iiif/61556/main-image
61557,figure,,China,"Sunbaked mud, gilt traces",http://www.metmuseum.org/art/collection/search/61557,https://collectionapi.metmuseum.org/api/collection/v1/iiif/61557/main-image
61561,figure,,China,Limestone,http://www.metmuseum.org/art/collection/search/61561,https://collectionapi.metmuseum.org/api/collection/v1/iiif/61561/main-image
61564,figure,,China,Wood,http://www.metmuseum.org/art/collection/search/61564,https://collectionapi.metmuseum.org/api/collection/v1/iiif/61564/main-image
61566,figure,,China,Unglazed pottery,http://www.metmuseum.org/art/collection/search/61566,https://collectionapi.metmuseum.org/api/collection/v1/iiif/61566/main-image
61627,figure,"明早期    彩繪木雕阿彌陀佛乘孔雀像|Buddha, possibly Amitabha, on a peacock",China,Linden wood with traces of pigment,http://www.metmuseum.org/art/collection/search/61627,https://collectionapi.metmuseum.org/api/collection/v1/iiif/61627/main-image
61656,figure,"金    木雕釋迦牟尼佛像|Buddha, probably Shakyamuni (Shijiamouni)",China,Willow wood with pigment,http://www.metmuseum.org/art/collection/search/61656,https://collectionapi.metmuseum.org/api/collection/v1/iiif/61656/main-image
61658,figure,元至元十九年 彩繪木雕觀音菩薩像（柳木胎）|Bodhisattva Avalokiteshvara (Guanyin),China,Wood (wiillow) with traces of pigment; single woodblock construction,http://www.metmuseum.org/art/collection/search/61658,https://collectionapi.metmuseum.org/api/collection/v1/iiif/61658/main-image
61660,headless figure,金 彩繪石雕菩薩像（大理石）|Bodhisattva,China,Marble with pigment,http://www.metmuseum.org/art/collection/search/61660,https://collectionapi.metmuseum.org/api/collection/v1/iiif/61660/main-image
61661,figure,明天啟   檀木雕觀音菩薩像|Bodhisattva Guanyin,China,Sandalwood with lacquer,http://www.metmuseum.org/art/collection/search/61661,https://collectionapi.metmuseum.org/api/collection/v1/iiif/61661/main-image
61666,figure,,China,"Wood (foxglove) with pigment, single-woodblock construction",http://www.metmuseum.org/art/collection/search/61666,https://collectionapi.metmuseum.org/api/collection/v1/iiif/61666/main-image
61667,figure,,China,"Wood (foxglove) with pigment, single-woodblock construction",http://www.metmuseum.org/art/collection/search/61667,https://collectionapi.metmuseum.org/api/collection/v1/iiif/61667/main-image
61678,figure,仿北魏？　石雕菩薩立像|Standing bodhisattva,China,Sandstone,http://www.metmuseum.org/art/collection/search/61678,https://collectionapi.metmuseum.org/api/collection/v1/iiif/61678/main-image
61686,figure,明永樂    漆金木雕坐佛像|Seated Buddha,China,Lacquered and gilded wood,http://www.metmuseum.org/art/collection/search/61686,https://collectionapi.metmuseum.org/api/collection/v1/iiif/61686/main-image
61689,figure,隋 石雕菩薩立像|Bodhisattva,China,Stone,http://www.metmuseum.org/art/collection/search/61689,https://collectionapi.metmuseum.org/api/collection/v1/iiif/61689/main-image
61697,figure,,China,Lacquer,http://www.metmuseum.org/art/collection/search/61697,https://collectionapi.metmuseum.org/api/collection/v1/iiif/61697/main-image
61701,figure,明   漆金木雕韋馱像|Bodhisattva Skanda,China,Lacquered and gilded wood,http://www.metmuseum.org/art/collection/search/61701,https://collectionapi.metmuseum.org/api/collection/v1/iiif/61701/main-image
61703,figure,唐末至宋初  彩繪泥塑菩薩|Bodhisattva,China,Unfired clay with pigment,http://www.metmuseum.org/art/collection/search/61703,https://collectionapi.metmuseum.org/api/collection/v1/iiif/61703/main-image
61704,figure,唐末至宋初  彩繪泥塑菩薩|Bodhisattva,China,Unfired clay with pigment,http://www.metmuseum.org/art/collection/search/61704,https://collectionapi.metmuseum.org/api/collection/v1/iiif/61704/main-image
61705,figure,,China,Gilt bronze,http://www.metmuseum.org/art/collection/search/61705,https://collectionapi.metmuseum.org/api/collection/v1/iiif/61705/main-image
61730,figure,北魏　石雕脅侍菩薩像|Attendant bodhisattva,China,Limestone,http://www.metmuseum.org/art/collection/search/61730,https://collectionapi.metmuseum.org/api/collection/v1/iiif/61730/main-image
61734,figure,北魏　石雕脅侍菩薩像|Attendant bodhisattva,China,Limestone,http://www.metmuseum.org/art/collection/search/61734,https://collectionapi.metmuseum.org/api/collection/v1/iiif/61734/main-image
61737,figurine,,China,Gilt bronze,http://www.metmuseum.org/art/collection/search/61737,https://collectionapi.metmuseum.org/api/collection/v1/iiif/61737/main-image
61741,figure,隋（？） 鎏金青銅菩薩立像|Bodhisattva,China,"Gilt bronze, wood",http://www.metmuseum.org/art/collection/search/61741,https://collectionapi.metmuseum.org/api/collection/v1/iiif/61741/main-image
61745,figure,,China,Wood,http://www.metmuseum.org/art/collection/search/61745,https://collectionapi.metmuseum.org/api/collection/v1/iiif/61745/main-image
61747,figure,,China,Wood (foxglove) with pigment; single-woodblock construction,http://www.metmuseum.org/art/collection/search/61747,https://collectionapi.metmuseum.org/api/collection/v1/iiif/61747/main-image
61765,figure,清康熙     檀木雕觀音像|Bodhisattva Guanyin,China,"Sandalwood with lacquer and gilding, single-woodblock construction",http://www.metmuseum.org/art/collection/search/61765,https://collectionapi.metmuseum.org/api/collection/v1/iiif/61765/main-image
61767,figure,北魏　石雕菩薩坐像|Seated bodhisattva (Maitreya) with two lions,China,Limestone,http://www.metmuseum.org/art/collection/search/61767,https://collectionapi.metmuseum.org/api/collection/v1/iiif/61767/main-image
61770,figure,東魏  彩繪石雕佛像|Buddha on a lotus pedestal,China,Gilt bronze,http://www.metmuseum.org/art/collection/search/61770,https://collectionapi.metmuseum.org/api/collection/v1/iiif/61770/main-image
61772,figure,"唐 鎏金青銅文殊普薩坐像|Seated bodhisattva, probably Manjushri (Wenshu)",China,Gilt bronze,http://www.metmuseum.org/art/collection/search/61772,https://collectionapi.metmuseum.org/api/collection/v1/iiif/61772/main-image
61773,headless figure,,China,Marble,http://www.metmuseum.org/art/collection/search/61773,https://collectionapi.metmuseum.org/api/collection/v1/iiif/61773/main-image
61774,figurine,北齊至隋  鎏金青銅脇侍像|Buddhist monk,China,"Gilt leaded bronze, piece-mold cast",http://www.metmuseum.org/art/collection/search/61774,https://collectionapi.metmuseum.org/api/collection/v1/iiif/61774/main-image
61776,headless figure,隋 石雕胁侍立像|Buddhist attendant (possibly Kasyapa),China,Sandstone with traces of pigment,http://www.metmuseum.org/art/collection/search/61776,https://collectionapi.metmuseum.org/api/collection/v1/iiif/61776/main-image
61782,figure,唐  鎏金青銅菩薩坐像|Seated bodhisattva,China,Gilt bronze,http://www.metmuseum.org/art/collection/search/61782,https://collectionapi.metmuseum.org/api/collection/v1/iiif/61782/main-image
61817,figure,北魏？青銅菩薩坐像|Seated bodhisattva,China,Bronze,http://www.metmuseum.org/art/collection/search/61817,https://collectionapi.metmuseum.org/api/collection/v1/iiif/61817/main-image
61820,figure,"十六國時代  鎏金青銅釋迦牟尼佛坐像|Seated Buddha, probably Shakyamuni (Shijiamouni)",China,Gilt bronze; piece-mold cast,http://www.metmuseum.org/art/collection/search/61820,https://collectionapi.metmuseum.org/api/collection/v1/iiif/61820/main-image
61823,figurine,唐？  鎏金青銅佛立像|Standing Buddha,China,Gilt bronze,http://www.metmuseum.org/art/collection/search/61823,https://collectionapi.metmuseum.org/api/collection/v1/iiif/61823/main-image
63532,figure,,Thailand,Bronze,http://www.metmuseum.org/art/collection/search/63532,https://collectionapi.metmuseum.org/api/collection/v1/iiif/63532/main-image
64386,figure,,Indonesia (Java),Bronze,http://www.metmuseum.org/art/collection/search/64386,https://collectionapi.metmuseum.org/api/collection/v1/iiif/64386/main-image
64967,figure,,China,"Wood (willow) with traces of pigment and gilding, single-woodblock construction",http://www.metmuseum.org/art/collection/search/64967,https://collectionapi.metmuseum.org/api/collection/v1/iiif/64967/main-image
65015,figure,,Burma,Bronze inlaid with silver and copper,http://www.metmuseum.org/art/collection/search/65015,https://collectionapi.metmuseum.org/api/collection/v1/iiif/65015/main-image
65397,figure,금동반가사유상 삼국|金銅半跏思惟像 三國|Pensive bodhisattva,Korea,Gilt bronze,http://www.metmuseum.org/art/collection/search/65397,https://collectionapi.metmuseum.org/api/collection/v1/iiif/65397/main-image
72301,figure,,Sri Lanka. western regions,Copper alloy with gilding,http://www.metmuseum.org/art/collection/search/72301,https://collectionapi.metmuseum.org/api/collection/v1/iiif/72301/main-image
72381,figure,,Pakistan (ancient region of Gandhara),Bronze with traces of gold leaf,http://www.metmuseum.org/art/collection/search/72381,https://collectionapi.metmuseum.org/api/collection/v1/iiif/72381/main-image
72382,figure,,Pakistan (ancient region of Gandhara) or Afghanistan,Brass,http://www.metmuseum.org/art/collection/search/72382,https://collectionapi.metmuseum.org/api/collection/v1/iiif/72382/main-image
72383,figure,,Pakistan (likely Swat Valley or Gilgit region),"Copper alloy, gilded and silvered, with silver inlay",http://www.metmuseum.org/art/collection/search/72383,https://collectionapi.metmuseum.org/api/collection/v1/iiif/72383/main-image
72384,figure,,India,Bronze,http://www.metmuseum.org/art/collection/search/72384,https://collectionapi.metmuseum.org/api/collection/v1/iiif/72384/main-image
72392,figure,,"India (Tamil Nadu, Nagapattinam)",Copper alloy,http://www.metmuseum.org/art/collection/search/72392,https://collectionapi.metmuseum.org/api/collection/v1/iiif/72392/main-image
72393,figure,,Thailand,Silver,http://www.metmuseum.org/art/collection/search/72393,https://collectionapi.metmuseum.org/api/collection/v1/iiif/72393/main-image
72394,figure,,Korea,Gilt bronze,http://www.metmuseum.org/art/collection/search/72394,https://collectionapi.metmuseum.org/api/collection/v1/iiif/72394/main-image
73150,figure,,Burma,Bronze,http://www.metmuseum.org/art/collection/search/73150,https://collectionapi.metmuseum.org/api/collection/v1/iiif/73150/main-image
73200,figure,遼 鎏金青銅大日如來像|Buddha Vairocana (Dari),China,Gilt bronze; lost-wax cast,http://www.metmuseum.org/art/collection/search/73200,https://collectionapi.metmuseum.org/api/collection/v1/iiif/73200/main-image
73225,figure,観音菩薩・勢至菩薩立像|Bodhisattva Kannon,Japan,"Wood with lacquer, gold leaf, and cut gold (kirikane) and metal 
",http://www.metmuseum.org/art/collection/search/73225,https://collectionapi.metmuseum.org/api/collection/v1/iiif/73225/main-image
73226,figure,観音菩薩・勢至菩薩立像|Bodhisattva Seishi,Japan,"Wood with lacquer, gold leaf, and cut gold (kirikane) and metal",http://www.metmuseum.org/art/collection/search/73226,https://collectionapi.metmuseum.org/api/collection/v1/iiif/73226/main-image
73383,figure,"清 黃銅鎏金尊勝佛母像|Buddhist Deity, Ushnishavijaya (Zun Sheng fo mu)",China,Gilt brass; lost-wax cast,http://www.metmuseum.org/art/collection/search/73383,https://collectionapi.metmuseum.org/api/collection/v1/iiif/73383/main-image
74532,figure,觀音|Bodhisattva Avalokiteshvara,China,"Leaded brass with pigment and gilding, lost-wax cast",http://www.metmuseum.org/art/collection/search/74532,https://collectionapi.metmuseum.org/api/collection/v1/iiif/74532/main-image
74832,figure,,Sri Lanka (Anuradhapura),Copper alloy,http://www.metmuseum.org/art/collection/search/74832,https://collectionapi.metmuseum.org/api/collection/v1/iiif/74832/main-image
75408,figure,,"Sri Lanka, Kandy district",Ivory with polychrome,http://www.metmuseum.org/art/collection/search/75408,https://collectionapi.metmuseum.org/api/collection/v1/iiif/75408/main-image
75409,figure,,Sri Lanka (Kandy district),Ivory,http://www.metmuseum.org/art/collection/search/75409,https://collectionapi.metmuseum.org/api/collection/v1/iiif/75409/main-image
75413,figure,,Sri Lanka. western regions,Copper alloy with gilding,http://www.metmuseum.org/art/collection/search/75413,https://collectionapi.metmuseum.org/api/collection/v1/iiif/75413/main-image
75414,figure,,"Sri Lanka, Kandy district",Copper alloy with gilding,http://www.metmuseum.org/art/collection/search/75414,https://collectionapi.metmuseum.org/api/collection/v1/iiif/75414/main-image
76445,figure,,Pakistan (Gilgit Kingdom),Gilt brass with silver and copper inlay,http://www.metmuseum.org/art/collection/search/76445,https://collectionapi.metmuseum.org/api/collection/v1/iiif/76445/main-image
78191,figure,,Central Tibet,Brass with colored pigments,http://www.metmuseum.org/art/collection/search/78191,https://collectionapi.metmuseum.org/api/collection/v1/iiif/78191/main-image
78429,figure,,Cambodia (probably Phnom Penh),"Silver, gold, and unfired clay",http://www.metmuseum.org/art/collection/search/78429,https://collectionapi.metmuseum.org/api/collection/v1/iiif/78429/main-image
78434,figure,"清早期  壽山石雕捧桃羅漢|Buddhist disciple, or luohan, holding a peach",China,Soapstone,http://www.metmuseum.org/art/collection/search/78434,https://collectionapi.metmuseum.org/api/collection/v1/iiif/78434/main-image
646117,figure,,"Pakistan, Khyber-Pakhtunkhwa province, possibly Takht-i-bahi monastery, ancient region of Gandhara",Schist,http://www.metmuseum.org/art/collection/search/646117,https://collectionapi.metmuseum.org/api/collection/v1/iiif/646117/main-image
653244,figures,,China,Mammoth ivory,http://www.metmuseum.org/art/collection/search/653244,https://collectionapi.metmuseum.org/api/collection/v1/iiif/653244/main-image
700507,figure,,Tibet,Bronze with later turquoise inlay,http://www.metmuseum.org/art/collection/search/700507,https://collectionapi.metmuseum.org/api/collection/v1/iiif/700507/main-image
705432,figure,,Thailand (Mon-Dvaravati),Copper alloy,http://www.metmuseum.org/art/collection/search/705432,https://collectionapi.metmuseum.org/api/collection/v1/iiif/705432/main-image
752004,figure,八髻文殊菩薩坐像|The Bodhisattva Monju (Manjushri) with Eight Topknots,Japan,Gilt bronze,http://www.metmuseum.org/art/collection/search/752004,https://collectionapi.metmuseum.org/api/collection/v1/iiif/752004/main-image
851372,figure,観音菩薩立像|The Bodhisattva Kannon (Avalokiteshvara),Japan,Cypress wood; single-block construction (ichiboku-zukuri),http://www.metmuseum.org/art/collection/search/851372,https://collectionapi.metmuseum.org/api/collection/v1/iiif/851372/main-image
